title,phone,email,price
#ALL BILLS INCLUDED FULLY FURNISHED 1 BED ROOM FLATS AVAILABLE NEAR MUNTHAZAH PARK !!,97430919900,aralaintl@gmail.com,3700
!!2BHK UNFURNISHED AVAILABLE IN BIN OMRAN NEAR HAMAD MEDICAL CITY!!,97477748797,aralaintl@gmail.com,4000
!! BRAND NEW SPACIOUS 2BHK IN BIN OMRAN NEAR AL RAWNAQ!!,97430919900,aralaintl@gmail.com,4500
!!! SPACIOUS 3 BEDROOM APARTMENT FOR FAMILY IN MUAITHER NEAR VILLAGIO !!!,97430883200,aralaintl@gmail.com,4000
!! SPACIOUS 3 BHK UNFURNISHED FLATS IN MADINAT KHALIFA FOR FAMILY NEAR TRAFFICE POLICE STATION !!,97430919900,aralaintl@gmail.com,5500
!!1 BHK  UNFURNISHED FLATS AVAILABLE IN AL SAAD!!,97477748797,aralaintl@gmail.com,3300
2 BHK FURNISHED APARTMENT AT MANSOURA AREA ! 5000,97455522714,marketing@truthqatar.com,5000
Fully Furnished 2Bedroom Luxury Apartment ,97470022366,Kishanth.gunit@gmail.com,6500
 Fully Furnished 2 BHK Apartment Available in Bin Omran with Gym & Pool,97471580120,sapnafocus@gmail.com,5500
Live Effortlessly: Embrace Simplicity and Comfort in our Spacious 1BHK Apartment for Rent!,97430001804,stellar.realestateqa@gmail.com,4000
Fully Furnished 1 BHK near health centre,97430919900,Pkjasim188@gmail.com,5000
1 Month Free! Semi-Furnished 2BHK Awaits Your Touch,97477088748,Raifarooqkharal3535@gmail.com,5500
"""Discover a Fantastic 3BHK Apartment!"" 1 Month Free",97477088748,Raifarooqkharal3535@gmail.com,6000
Customize Your 2BHK Haven with Gym and Pool Amenities,97477088748,Raifarooqkharal3535@gmail.com,5000
"""Cozy 2BHK Unfurnished with Balcony""",97477088748,Raifarooqkharal3535@gmail.com,4500
Brand New Building  2BHK Fully Furnished " All Bills Include ",97477088748,Raifarooqkharal3535@gmail.com,5600
Create Your Dream 3BHK in this Unfinished Space,97477088748,Raifarooqkharal3535@gmail.com,5500
"""Spacious Unfurnished 2BHK: 1Minute Walking distance To Metro station ",97477088748,Raifarooqkharal3535@gmail.com,4500
Unfurnished 2 Bedroom Flat │ Al Azizizya,97450699444,sunil@capitaloneqa.com,4000
Cozy 1BHK Furnished Apartment - No Commission Charge,97450899333,azif@capitaloneqa.com,4300
FULLY FURNISHED STUDIO APARTMENT - NO COMMISSION,97450899555,abigail@capitaloneqa.com,2500
Furnished 1BHK Flats in a Exclusive Compound in Muaither - No Commission Charge,97450699444,sunil@capitaloneqa.com,4700
Unfurnished & Neat 1BHK Flats in a Compound in Old Airport - No Commission Charge,97450899333,azif@capitaloneqa.com,3000
Fully Furnished 2 BR Flat (nr VIP Signal) - No Commission!,97450899555,abigail@capitaloneqa.com,4500
SPACIOUS 3 BHK APARTMENT IN NAJMA  - 5500,97474756662,rm.positiveperformance@gmail.com,5500
Brand New Fully Furnished 1BHK - Al Sadd,97466132555,mohammed@linkrealestate-qa.com,6000
Spacious  studio apartment  with facilities  and bills,97466116499,sales2@linkrealestate-qa.com,4500
Luxury  apartment two bedrooms  with balcony,97466116499,sales2@linkrealestate-qa.com,10000
Hotel Apartment Fully Furnished 1 BHK and 2 BHK,97466116499,aira@linkrealestate-qa.com,6000
Renovated One Bedroom Semi-Furnished Apartment/Bills Excluded,97466116499,aira@linkrealestate-qa.com,6000
"Wakra 1 BHK flat for Rent , Near (Toyota service center)",97450740178,homecityrealestate2020@gmail.com ,3200
2 BHK FLAT FOR RENT OLD AIRPORT ( Near Mather Qadim tea Time) (Executive Bachelor/ family (Male/ female /couple) - NO COMMISSION,97450740178,homecityrealestate2020@gmail.com ,4500
studio Flats for rent in (Abu Hamour) - fully furnished (Executive Bachelor/ family (Male/ female /couple)  - NO COMMISSION,97450740178,homecityrealestate2020@gmail.com ,2350
1BHK BREND NEW VILLA ABUHAMOUR SALWA ROAD NEAR BALADNA AND MIDMEC ROUNDABOUT ,97430376135,ummerajmeer@gmail.com,3200
"2bhk family appartment @bin Mahmoud, behind LULU",97474739118,focusmailqa3@gmail.com,3900
SPACIOUS ONE BHK APARTMENT IN DOHA JADEEDA  - 3100,97474756662,rm.positiveperformance@gmail.com,3100
SPACIOUS 2 BHK APARTMENT NAJMA (QR 4500),97474756662,rm.positiveperformance@gmail.com,4500
Hot Offer Specious 3 Bedroom and Hall with 2 bathrooms in Wakrah ,97450978000,infoalqalamonskyrealestate@gmail.com,4000
Fabulously Furnished 1BHK Flats in Umm Ghuwailina - No Commission Charge ,97450899333,azif@capitaloneqa.com,4000
A Must See Fabulous 1BHK Flats in the Heart of Doha - No Commission Charge,97450899555,abigail@capitaloneqa.com,4900
Brand New Furnished 2 BHK - No Commission,97450699444,sunil@capitaloneqa.com,6000
1BHK Compound Apartment Family only,97450899333,azif@capitaloneqa.com,3400
Rare To Find Luxurious Studio + Easy Metro Access,97450845184,javed@aalishanproperties.com,3600
Beautiful 1BHK penthouse Apartment  with stunning view - Door step to Metro station.,97430882569,chathurajayasinghe7@gmail.com,3500
STUDIO BREND NEW VILLA NEAR TEA TIME SALWA ROAD ABUHAMOUR VEGETABLE MARKET. DANA HYPER ,97430376135,ummerajmeer@gmail.com,1600
Studio for rent in Al Duhail walking distance Tawar mall very near to Landmark &Lulu,97450087003,dreamvisionservices@gmail.com,2150
Hot Offer Specious 2 Bedroom and Hall with 2 bathrooms in Oldairport,97450978000,infoalqalamonskyrealestate@gmail.com,4000
Fully Furnished | 1 Bedroom Apartment in Al Sadd | Near Lulu,97444376275,info@profestate.com.qa,6000
TWO BHK APARTMENT LOCATED IN AL SADD NEAR TO LULU CENTRE,97444376275,info@profestate.com.qa,7000
Fully furnished 1 BHK for rent Bin omran,97433970734,focusmailqa@gmail.com,4500
Hot Offer 2 Bedroom and Hall with 2 bathrooms in Muntaza,97450978000,infoalqalamonskyrealestate@gmail.com,4600
Fully furnished 2 bed room At zig zag tower,97433970734,focusmailqa@gmail.com,6000
Deluxe Room ,97466176508,whitemoon.qatar@gmail.com,4250
Standard Room With  Attached Bathroom,97466176508,whitemoon.qatar@gmail.com,4000
Standard Room  With Kitchenette  ATTACHED bATHROOM,97466176508,lamodadoha@gmail.com,4250
3 Bedrooms Hall 4WC Laundry Room and Kitchen Apartment ,97466176508,whitemoon.qatar@gmail.com,9900
Very Big Fully Furnished Studio Available in West Bay,97433970734,focusmailqa@gmail.com,3500
Hot Offer Fully Furnished 2 Bedroom and Hall with 2 bathrooms in Mansoura ,97450978000,infoalqalamonskyrealestate@gmail.com,4500
FURNISHED STUDIO FOR EXECUTIVE BACHELORS IN BIRKATH AL AWAMEER ,97477352565,seatoskyforrealestate@gmail.com,3000
2 BHK Fully Furnished Apartment Available in Bin Omran with Gym & Pool,97433970734,focusmailqa@gmail.com,5500
UNFURNISHED SPACIOUS 2 BHK APARTMENT AVAILABLE IN OLD AIRPORT FOR FAMILY,97470122088,mohamaed@landroyalproperties.com,4200
Hot Offer Specious One Bedroom and Hall Water Electricity included in Oldairport with Balcony,97450978000,infoalqalamonskyrealestate@gmail.com,3000
Studio In Ground Floor In Aziziya Near Villaggio Mall ,97430603889,info@streamlineent.com,2600
2 BHK FAMILY APARTMENT @ BINMAHMOUD NEAR QNB BANK ,97470071511,Prospectrealestate52@gmail.com,4250
2 BHK FAMILY APARTMENT @ OLDAIRPORT ,97470071511,Prospectrealestate52@gmail.com,3800
2 BHK FAMILY APARTMENT @ ALSAD BEHIND BARWA TOWER,97470071511,Prospectrealestate52@gmail.com,5000
Furnished 2 Bed Apartment | Including Utilities,97444444431,enquiry@mirageproperty.com,6500
3 Bedroom Apartment with Private Terrace in Al Waab,97444444431,enquiry@mirageproperty.com,11000
2 Bedroom Apartment for Rent in Zig Zag Tower,97444444431,enquiry@mirageproperty.com,7500
2 Bedroom Fully Furnished Apartment | Zig Zag Tower,97444444431,enquiry@mirageproperty.com,7500
2 Bedroom Serviced Apartments with Pool and Gym,97444444431,enquiry@mirageproperty.com,6500
3 Bedroom Compound Apartment | Umm Salal Ali,97444444431,enquiry@mirageproperty.com,5800
2 Bedroom Apartment for Rent in Umm Salal Ali,97444444431,enquiry@mirageproperty.com,4800
2-Bed Unfurnished Apartment Umm Ghuwailina ,97444444431,enquiry@mirageproperty.com,4000
Spacious Brand New 1 Bedroom Apartment | Utilities Inclusive,97444444431,enquiry@mirageproperty.com,7500
3 Bedroom Serviced Apartments for Rent in Najma,97444444431,enquiry@mirageproperty.com,7500
Brand New 1 Bedroom Apartment near Lusail Stadium,97444444431,enquiry@mirageproperty.com,6500
Premium 1 Bedroom Apartment in Lusail | Utilities Included,97444444431,enquiry@mirageproperty.com,7000
Luxury 1 bedroom apartment with Balcony | Lusail,97444444431,enquiry@mirageproperty.com,6500
1 Bedroom Compound Apartment | Umm Salal Ali,97444444431,enquiry@mirageproperty.com,3000
Good Looking 1-BHK Fully Furnished Apartments in UMM GHAWAILINA ,97471721173,arafatsalahuddin78@gmail.com,3400
"Furnished 1 BHK with Gym, Sauna (water+electricity+wifi included) - No commission",97450699444,sunil@capitaloneqa.com,4500
Spacious UF 2 Bedroom Flat │ Al Aziziya,97450899333,azif@capitaloneqa.com,4000
Dazzling 1BHK Furnished Flats in Al Doha Al Jadeeda - No Commission Charge,97450899555,abigail@capitaloneqa.com,4300
"Luxuriously Furnished 1BHK (including utilities - water, electricity & Wi-Fi)",97450699444,sunil@capitaloneqa.com,4900
Furnished 1 BHK Apartment in a compound with amazing amenities,97450899333,azif@capitaloneqa.com,4700
Fully Furnished BRAND NEW 2 BHK- No Commission,97450899555,abigail@capitaloneqa.com,6000
3 BHK FOR FAMILY / WITH 2 SMALL BALCONY/ NO COMISSION/ NEARBY METRO LINK,97466300441,Matulinabigail@yahoo.com,5000
AVAILABLE 1 BHK UNFURNISHED IN OLD AIRPORT NEARBY METRO LINK !!! / BILLS INCLUDED/ NO COMMISSION ,97466300441,Matulinabigail@yahoo.com,3000
1 BHK IN UMM GHWAILINA BEHIND VIP HOTEL/ NO COMISSION/ ALL BILLS INCLUDED,97466300441,Matulinabigail@yahoo.com,4000
2 BHK FULLY FURNISHED,97466300441,Matulinabigail@yahoo.com,5250
Brand New FF 2 BR @ Lusail,97450510007,spectrumtrading@yahoo.com,6500
2 BHK For Batchlours or Family -At Old Airport Next to health Center ,97455332216,noushadk1010@gmail.com,4000
U/F - 2 BHK APARTMENT AT Sana Signal - Family or Batchlours,97455332216,noushadk1010@gmail.com,3800
2 BHK Fully Furnished Apartment Near Umm Ghawlina Metro Station,97455332216,noushadk1010@gmail.com,5000
Near Metro - 1 BHK Villa Apartment,97455332216,noushadk1010@gmail.com,3000
Short term|Fully Furnished 1 BHK At Abuhamour Near Pakistani School- 6 Months ,97455332216,noushadk1010@gmail.com,3100
2 BHK Fully Furnished Apartment At Bin Omran,97455332216,noushadk1010@gmail.com,5000
Modernly Furnished 1BR Apartment | Lusail Marina,97430970001,info@homedealers.qa,7500
Semi Furnished Studio with balcony | Porto Arabia,97430970001,info@homedealers.qa,5000
1 Month Free | Semi Furnished 1BR in Porto Arabia,97430970001,info@homedealers.qa,7000
1 Month Free | Semi Furnished Studio in The Pearl,97430970001,info@homedealers.qa,6000
Amazing 1BR Semi Furnished | Balcony |Porto Arabia,97430970001,info@homedealers.qa,7000
Amazing 2BR Apartment in Umm Salal Mohamad,97430970001,info@homedealers.qa,5550
Bills Included | Fully Furnished Studio in Lusail,97430970001,info@homedealers.qa,5000
Cheapest 2BR Semi Furnished Apt. | Zigzag Tower,97430970001,info@homedealers.qa,6500
Fully Furnished 3BR + Maids Room in Porto Arabia,97430970001,info@homedealers.qa,14000
Fully Furnished 1BR Apt. | Balcony | Porto Arabia,97430970001,info@homedealers.qa,8000
NO COMMISSION | Bills Included |Studio in West Bay,97430970001,info@homedealers.qa,6000
1 Month Free |Bills Included | 1BR Fully Furnished,97430970001,info@homedealers.qa,8000
Bills Included |Semi Furnished 2BR in Porto Arabia,97430970001,info@homedealers.qa,11000
Including Bills | Fully Furnished 1BR in Lusail,97430970001,info@homedealers.qa,5800
1 Month Free | Including Qatar Cool + Gas | 1BR,97430970001,info@homedealers.qa,5850
Bills Included | Furnished Sea View Studio,97430970001,info@homedealers.qa,6500
1 Month Free | 1BR + Office in Porto Arabia,97430970001,info@homedealers.qa,8500
1 Month Free |Bills Included | 1BR Fully Furnished,97430970001,info@homedealers.qa,8000
Semi Furnished 1BR with balcony | Porto Arabia,97430970001,info@homedealers.qa,7500
Cheapest Fully Furnished 2BR in Viva Bahriya,97430970001,info@homedealers.qa,8500
Fully Furnished Studio with balcony | Porto Arabia,97430970001,info@homedealers.qa,6000
Modernly Furnished 1BR with balcony | Porto Arabia,97430970001,info@homedealers.qa,8500
Sea View 2BR Apartment for rent in Zigzag Tower,97430970001,info@homedealers.qa,6500
Amazing Semi Furnished 1BR Apartment in Lusail,97430970001,info@homedealers.qa,4650
Fully Furnished 2BHK In Aziziya Near Villaggio Mall - No Commission ,97430603889,info@streamlineent.com,4800
2 BHK Apartment with Balcony Available for Family in Doha Al Jadeeda,97471580120,sapnafocus@gmail.com,4200
Fully Furnished | 3 Bedroom Apartment in West Bay | For Family,97444376275,info@profestate.com.qa,10500
Fully Furnished | Studio Flat in Bin Mahmoud | Behind La Cigale Hotel,97444376275,info@profestate.com.qa,3000
Fully Furnished | 1 Bedroom Apartment in Muaither | Near Al Wathan Mall | Penthouse,97444376275,info@profestate.com.qa,3700
EXECUTIVE BACHELOR APARTMENT FOR RENT IN MUAITHER ,97477352565,seatoskyforrealestate@gmail.com,4000
FAMILY...UNFURNISHED 1 BHK VILLA APARTMENT AT DUHAIL,97450528177,Focuspropertyqa@gmail.com,3400
Very good studio villa apartment now available,97450899333,azif@capitaloneqa.com,2500
Clean & Neat 1BHK Unfurnished Flats in Old Airport - No Commission Charge,97450899555,abigail@capitaloneqa.com,3000
1BHK (FF) - ALL inclusive (W/E/I) - NO Commission Charge!,97450699444,sunil@capitaloneqa.com,4000
Unfurnished 2BHK in Al Aziziyah (opp of Tea Time),97450899555,abigail@capitaloneqa.com,4000
Spacious FF Studio in Mansoura WTH Balcony,97455899435,fahadpatka@gmail.com,3400
3BHK FLAT FOR RENT IN NUAIJA NEAR HILAL SIGNAL ONLY ASIAN FAMILY (MINIMUM TWO YEAR AGREEMENT),97455514068,beltonnipilesht@gmail.com,5000
 3 BHK WITH BALCONY APARTMENT AVAILABLE IN OLD AIRPORT,97431554552,shiraspa3@gamil.com,5500
UNFURNISHED 2BHK APARTMENT AVAILABLE IN OLD AIRPORT,97431554552,shiraspa3@gamil.com,4500
FULLY FURNISHED 2 BHK APARTMENTS AVAILABLE IN MANSOURA,97431554552,shiraspa3@gamil.com,5000
FULLY FURNISHED 2 BHK APARTMENT AVAILABLE FOR RENT IN MANSOURA,97431554552,shiraspa3@gamil.com,5500
2 BHK UNFURNISHED APARTMENT AVAILABLE FOR FAMILY IN WAKRA,97431554552,shiraspa3@gamil.com,3700
INCLUDING BILLS...2 BHK FURNISHED APARTMENT AT WAKRA ,97450528177,Focuspropertyqa@gmail.com,4600
Single Bed room,97433447765,syedkhwajam@gmail.com,1800
INCLUDING ALL BILLS...1 BHK SPACIOUS FURNISHED APARTMENT AT OLD AIRPORT ,97450528177,Focuspropertyqa@gmail.com,4300
INCLUDING BILLS...2 BHK UNFURNISHED VILLA APARTMENT ,97450528177,Focuspropertyqa@gmail.com,4200
"To end the contract, Madinat Khalifa South 2 bed room and 1 living room ",97455345231,HamzaAllouh@hotmail.com,4000
NEW BUILDING 03 +02 BHK BUILDING/LOCATED MATAR QADEEM /NO COMMISSION/NEAR METRO/DEDICATED PARKING,97450816889,CMAN@GMAIL.COM,4400
 FULLYFURNISHED 2 BHK APARTMENT AVAILABLE IN AL SADD- HALF MONTH COMMISION,97431554552,shiraspa3@gamil.com,5500
Luxury Furnished Studio Apartment ,97455899435,fahadpatka@gmail.com,6500
SPACIOUS FULLY FURNISHED FLATS  AVAILABLE FOR FAMILY @ MUNTAZA,97430318489,mostafashafik00@gmail.com,5500
SPACIOUS FULLY FURNISHED FLATS AVAILABLE FOR FAMILY @ MUNTAZA,97430318489,mostafashafik00@gmail.com,6500
Spacios 2 Bhk For family In Old Airport very close to metro station,97430318489,mostafashafik00@gmail.com,4250
EXCELLENT 3 BED 3 BATH AT MATAR QADEEM/OLD AIRPORT BEHIND SHOPRIGHT FOR FAMILY,97430318489,mostafashafik00@gmail.com,5500
 FULLY FURNISHED 1 BHK AT NEW SALATA,97430318489,mostafashafik00@gmail.com,4000
Flat 4 rent,97455213334,qernas81@hotmail.com,5000
FAMILY.. 2 BEDROOM APARTMENT...NEAR MUSEUM METRO,97450528177,Focuspropertyqa@gmail.com,4200
FAMILY...UNFURNISHED 2 BHK APARTMENT AT BIN MAHMOUD ,97450528177,Focuspropertyqa@gmail.com,4500
INCLUDING BILLS...FURNISHED 3 BHK APARTMENT AT WAKRA ,97450528177,Focuspropertyqa@gmail.com,5700
 FULLY FURNISHED 3 BHK APARTMENTS @ AL MUNTAZA FOR FAMILY,97431057711,ansarivilakath@gmail.com,6500
SPACIOUS 3 BHK AVAILABLE FOR FAMILY @OLD AIRPORT ,97431057711,ansarivilakath@gmail.com,5500
SPACIOUS 2 BHK FULLY FURNISHED AVAILABLE @ MUNTAZA ,97431057711,ansarivilakath@gmail.com,5500
3 BHK AVAILABLE FOR BACHELORES @ NAJMA BEHINDE NASEEM AL RABEEH ,97431057711,ansarivilakath@gmail.com,5750
3 BHK AVAILABLE IN NAJMA NEAR BY NASSEM AL RABEEH FOR EXECUTIVE STAFF,97431057711,ansarivilakath@gmail.com,6000
FAMILY...UNFURNISHED 2 BHK SPACIOUS APARTMENT AT OLD AIRPORT ,97450528177,Focuspropertyqa@gmail.com,4600
2BHK FULLY FURNISHED  APARTMENT AVAILABLE IN OLD SALATA ,97470122088,mohamaed@landroyalproperties.com,4400
 FULLY FURNISHED 1 BHK APARTMENT AVAILABLE FOR IN GHARAFA-FAMILY ONLY,97470122088,mohamaed@landroyalproperties.com,3900
FF BRAND-NEW LUXURIOUS 2BHK APARTMENT IN UM GHUWAILINA,97444414321,info@thefirstrealestate.com,6000
Brand New 2BHK  Unfurnished Apartments in Al Mansoura,97474449095,ayeshi@thefirstrealestate.com,5000
STUDIO SF AND FF WITH SEA VIEW IN PEARL - 1 Month Free,97474449095,ayeshi@thefirstrealestate.com,6000
FF 1BHK APATMENT IN UMM GHUWAILINA - ONE MONTH FREE,97474449095,ayeshi@thefirstrealestate.com,4500
Spacious and New Looking 2 BHK Apartments in Matar Qadeem,97444414321,info@thefirstrealestate.com,4500
LUXURIOUS 3 BEDROOMS APARTMENT IN UMM GUWAILINA,97474449095,ayeshi@thefirstrealestate.com,6000
2 BHK APARTMENT AVAILABLE FOR FAMILY IN BIN OMRAN-NO COMMISION,97470122088,mohamaed@landroyalproperties.com,4500
3BHK UNFURNISHED APARTMENT AVAILABLE FOR FAMILY IN OLD AIRPORT,97470122088,mohamaed@landroyalproperties.com,5500
2BHK APARTMENT AVAILABLE IN KARTHIYAT   ,97470122088,mohamaed@landroyalproperties.com,4500
UNFURNISHED STUDIO PART OF VILLA AVAILABLE FOR FAMILY IN WUKAIR,97470122088,mohamaed@landroyalproperties.com,2200
UNFURNISHED  2BHK APARTMENT AVAILABLE FOR FAMILY OR BACHELOR IN NAJMA,97470122088,mohamaed@landroyalproperties.com,4300
FULLY FURNISHED 3BHK AVAILABLE FOR FAMILY IN AL SADD,97470122088,mohamaed@landroyalproperties.com,6500
2 BHK  FULLYFURNISHED APARTMENT AVAILABLE FOR FAMILY IN AL SADD ,97470122088,mohamaed@landroyalproperties.com,5500
1 BHK FULLY FURNISHED APARTMENT AVAILABLE IN AL SADD,97470122088,mohamaed@landroyalproperties.com,4500
Unfurnished 1BHK Flat in a compound  (Utilities included),97450699444,sunil@capitaloneqa.com,3000
"Furnished 1 BHK Apartment ( inlc. gym, pool, steam room, etc) | No Commission ",97450899333,azif@capitaloneqa.com,4900
Furnished Brand New 3 BHK Apartment - No Commission,97450899555,abigail@capitaloneqa.com,7000
Brand New Un Furnished 2BHK Flat For Rent In Al Nasar Area Close To Al Meera,97466519717,yaseenproperties1@gmail.com,5000
"Studio , Ramada Signal , ,,",97433884424,migo245@hotmail.com,2400
Fully Furnished | 3 Bedroom Apartment in Old Airport | Near Lulu,97444376275,info@profestate.com.qa,8000
Fully Furnished | 2 Bedroom Apartment in Al Sadd | BILLS INCLUDED,97444376275,info@profestate.com.qa,7000
Unfurnished | 3 Bedroom Apartment in Muntazah | Near Muntazah Park,97444376275,info@profestate.com.qa,5500
Very Spacious 2BHK Flat for Family ,97455892540,fazalpatka@gmail.com,6000
4BHK FURNISHED FLAT IN AL KHOR FOR BACHELOR,97466165602,info@centurydoha.com,9000
3BHK FURNISHED FLAT IN  AL KHOR FOR BACHELOR,97466165602,info@centurydoha.com,7500
3BHK FURNISHED FLAT IN AL KHOR FOR EXECUTIVE STAFF,97466165602,info@centurydoha.com,7500
SHORT TERM 4BHK/3BHK FLAT AVAILABLE FOR BACHELOR IN AL KHOR,97466165602,info@centurydoha.com,9000
1BHK Fully Furnished Flat in Al Khor,97466165602,info@centurydoha.com,3600
 SPACIOUS | FREE W+E | FREE WIFI | BALCONY | NEAR METRO | NO COMMISSION ,97433344567,hanadkc@rastecgroup.com,4800
SMALL PENTHOUSE  | FREE W+E | INSIDE COMPOUND | NO COMMISSION ,97433344567,hanadkc@rastecgroup.com,3500
SPACIOUS | FREE W+E | FREE WIFI | NEAR METRO | NO COMMISSION ,97433344567,hanadkc@rastecgroup.com,3600
Very Big 4BHK Apartment in Hilal with Balcony,97455892540,fazalpatka@gmail.com,7500
FOR EXECUTIVE STAFF ONLY | SPACIOUS | NEAR METRO LINK | NO COMMISSION,97433344567,hanadkc@rastecgroup.com,4600
U/F 1BHK Compound Flats (W&E included) - NO Commission Charge,97450699444,sunil@capitaloneqa.com,3400
2BHK FURNISHED AVAILABLE FOR FAMILY OR BACHELOR,97455522705,marketing@truthqatar.com,5000
FF 2 Bedroom Beautiful Flats│near VIP Signal,97450699444,sunil@capitaloneqa.com,4500
Stylish 1BHK Flat in the Heart of Doha - No Commission Charge,97450899555,abigail@capitaloneqa.com,4500
Very nice FF Studio in Binmahmoud without Kitchen,97455899435,fahadpatka@gmail.com,2800
Excellent UF Studio in Muntuza wth Balcony,97455892540,fazalpatka@gmail.com,3000
Superb FF Studio Flat in Muntuza ,97455892540,fazalpatka@gmail.com,3200
Excellent FF Studio in Mansoura for Short term,97455899435,fahadpatka@gmail.com,3200
FOR RENT FULLY FURNISHED APARTMENTS . IN AL MUNTAZAH,97430031076,bassem@opal-qa.com,5500
3BHK APARTMENT WITH SEA VIEW IN THE PEARL.PORTO ARABIA,97430031061,Favas@opal-qa.com,14000
FOR RENT 2 BHK APARTMENT ONLY FOR FAMILIES LOCATED IN UMM QARN.,97433840002,info@opal-qa.com,3800
FOR RENT 1 BHK FF IN OLD AIRPORT,97450002609,info@opal-qa.com,4500
FOR RENT UNFURNISHED  APARTMENTS IN AL KHRAITIYAT.,97450002609,info@opal-qa.com,4500
FOR RENT MODERN APARTMENTS LOCATED IN C RING AL CORNICHE,97450002609,info@opal-qa.com,6250
SEA VIEW 2 BHK APARTMENTS . PORTO ARABIA,97430031076,bassem@opal-qa.com,10000
1 BHK APARTMENTS WITH AMAZING VIEW . PORTO ARABIA,97430031076,bassem@opal-qa.com,8000
FOR RENT FF 1 BHK APARTMENTS IN FAREEJ ABDUL AZIZ . FIRST INHABITANT,97433840002,info@opal-qa.com,4000
FOR RENT NOW IN BIN MAHMOUD APARTMENTS WITH SPACIOUS AREA ,97430031061,Favas@opal-qa.com,6000
FOR RENT SHORT_TERM 1 BHK IN LUSAIL. QATAR COOL BILLS ARE INCLUDED,97450002609,info@opal-qa.com,5539
FOR RENT SEMI FURNISHED 3 BHK IN THE PEARL . PORTO ARABIA ,97430034399,   helmi@opal-qa.com,18000
BRAND NEW 2 BHK FYLLY FURNISHED APARTMENTS . LUSAIL.FOX HILLS ,97430031061,Favas@opal-qa.com,6500
FOR RENT FULLY FURNISHED APARTMENTS IN AL MANSOURA FIRST INHABITANT,97430031076,bassem@opal-qa.com,7200
FOR RENT FF 2 BHK APARTMENTS INCLUDED BILLS IN LUSAIL,97430031061,Favas@opal-qa.com,8000
AMAZING FF APARTMENTS IN LUSAIL INCLUDED BILLS ,97430031061,Favas@opal-qa.com,6500
1 BHK APARTMENT  BREATH TAKING VIEW WITH BALCONY . PORTO ARABIA,97430031061,Favas@opal-qa.com,9000
LUXURY F F APARTMENTS LOCATED IN GIARDINO VILLAGE. MARINA VIEW.,97450002609,info@opal-qa.com,7500
A LUXURY BRAND NEW 1 BHK APARTMENTS IN LUSAIL ,97430031061,Favas@opal-qa.com,5000
"FOR RENT 1 BHK, Fully Furnished , IN THE PEARL . VIVA BAHRIYAH",97430034399,   helmi@opal-qa.com,11000
1 BHK APARTMENT INCLUDING BILLS . SEA VIEW WITH BALCONY . PORTO ARABIA,97430031061,Favas@opal-qa.com,10000
FOR RENT 1 BHK APARTMENTS FIRST INHABITANT FURNISHED IN AL MANSOURA,97430031076,bassem@opal-qa.com,5500
SEMI FURNISHED 2 BHK APARTMENT IN AIN KHALID ,97450002609,info@opal-qa.com,5000
2BHK Unfurnished Behind Crown Plaza Near Metro Station,97455893871,hanna@alemadi.com.qa,6000
NEAT&MAINTAINED FULLY FURNISHED 2BHK IN OLD  AIRPORT!! FOR 4800,97466455501,Marketing@truthqatar.com,4700
FULLY FURNISHED 2 BHK APARTMENT IN MANSOURA FOR 5200,97466455501,Marketing@truthqatar.com,5000
Unfurnished 2 Bedrooms Flat in Al Muntazah,97477327756,Positiveperf12@hotmail.com,4000
Cozy 2 Bhk Near Down Town,97477425501,shivamkumarjha3045@gmail.com,3500
Semi furnished Studio at viva bhariya ,97477327756,Positiveperf12@hotmail.com,6000
Super deluxe flat in al sadd,97477327756,Positiveperf12@hotmail.com,6500
Fully-Furnished 3 Bedrooms Flat in Al Sadd,97477327756,Positiveperf12@hotmail.com,9000
Beautiful Fully Furnished 2BHK Apartment in Bin Mahmoud Near Metro and Lulu Market.,97455044859,ihomes109@gmail.com,5000
New and Beautiful 1 BHK Apt in Old Airport Near Shop rite & Metro Station (including Kahramaa) Family only,97455044859,ihomes109@gmail.com,2500
Beautiful 3BHK apartment in Bin Mehmood Behind LULU Hyper Market,97455044859,ihomes109@gmail.com,4400
Beautiful 2Bhk building Apartment (Unfurnished) in Wakra  Near Al Meera.,97471362243,ihomes109@gmail.com,3400
"READY TO MOVE, FULLY FURNISHED 1BHK 3500 DOHA JADEED NEAR BY METRO ONLY FOR FAMILY",97431335508,qatarseaseven@gmail.com,3500
"1 BHK 2000 NAJAMA NEAR FAMILY PHARMACY,MORE DETAILS PLEASE CALL ME",97431335508,qatarseaseven@gmail.com,2000
Short Term/Long Term Fully Furnished 1BHK Flat in Mushaireb Near Metro station.,97470564594,ihomes109@gmail.com,4000
"READY TO MOVE, 2BHK 4500/- NAJMA NEAR GULF CINEMA ONLY FOR FAMILY, WATER ELECTRICITY NOT INCLUDED",97431335508,qatarseaseven@gmail.com,4500
UF Affordable 1BHK Compound Apartment,97450899555,abigail@capitaloneqa.com,3400
Beautiful Amazingly spacious 3BHK building Apartment in Fereej Bin Mahmoud Near Al Khaleej Street.,97471292671,ihomes109@gmail.com,4800
Beautiful 2BHK Building Apartment (UnFurnished) in Umm Ghuwailina Near VIP Hotel C Ring Road.,97471292671,ihomes109@gmail.com,3800
Beautiful Spacious 2BHK Building Apartment (unfurnished) in Fereej Bin Omran Behind Tea Time.,97471292671,ihomes109@gmail.com,4000
Beautiful Brand New 2BHK Building Apartment in Al-Muntaza Near Muntaza Park.,97471292671,ihomes109@gmail.com,4000
Unfurnished | 5 Bedroom Apartment in Al Sadd | Near Metro Station,97444376275,info@profestate.com.qa,9000
Unfurnished | 3 Bedroom Apartment in Bin Omran | Near Al Meera | For Family,97444376275,info@profestate.com.qa,5500
Unfurnished | 2 Bedroom Apartment in Muntazah | Near Muntazah Park,97444376275,info@profestate.com.qa,5000
Super Specious Fully Furnished 2BHK Hotel Apartment in Muntaza Near Muntaza Park.,97474072386,mrqaiser1@gmail.com,7500
Beautiful 1BHK Villa Apartment in Madina khalifa South Near Shamal Road.,97474072386,mrqaiser1@gmail.com,2800
1 bhk fully furnished penthouse for family in mughlina near metro station  ,97450377140,junaidaudathode@gmail.com,3400
3 BHK WITH 3 BATHROOMS  APARTMENT WITHOUT PARTITION AL WAKRA ( A; WAKRA ),97430113190,samaelbadr@gmail.com,4500
1 BHK APARTMENT IN OLD AIRPORT ( NO COMMISSION ),97430113190,samaelbadr@gmail.com,3500
Furnished 1 BHK Apartment with GYM & POOL in a Compound ,97450899555,abigail@capitaloneqa.com,4700
Fully Furnished 1 BHK near health centre,97450899555,abigail@capitaloneqa.com,4000
